{"loss": 0.21207347512245178, "acc": 0.9408945441246033}