{"loss": 0.18120554089546204, "acc": 0.9495806694030762}