{"loss": 0.14024169743061066, "acc": 0.9600000381469727}