{"loss": 0.2829071283340454, "acc": 0.922723650932312}