{"loss": 0.8042661547660828, "acc": 0.800000011920929}