{"loss": 0.27584096789360046, "acc": 0.924420952796936}