{"loss": 0.17394623160362244, "acc": 0.9495806694030762, "best_width": 16}